{"cameraMode":{"drawMode":0,"name":"Shaded","section":"Shading Mode"},"sceneLighting":true,"audioPlay":false,"sceneViewState":{"showFog":true,"showMaterialUpdate":false,"showSkybox":true,"showFlares":true,"showImageEffects":true,"showParticleSystems":true},"in2DMode":false,"pivot":{"x":5.691500186920166,"y":19.212055206298829,"z":-50.89799880981445},"rotation":{"x":0.3418892025947571,"y":-0.27831166982650759,"z":0.10676686465740204,"w":0.8912100195884705},"size":40.5309944152832,"orthographic":false}