{"cameraMode":{"drawMode":0,"name":"Shaded","section":"Shading Mode"},"sceneLighting":false,"audioPlay":false,"sceneViewState":{"showFog":true,"showMaterialUpdate":false,"showSkybox":true,"showFlares":true,"showImageEffects":true,"showParticleSystems":true},"in2DMode":false,"pivot":{"x":-57.58066940307617,"y":-81.63130187988281,"z":-43.96180725097656},"rotation":{"x":0.3066388666629791,"y":-0.6692807674407959,"z":0.3568991720676422,"w":0.5750294923782349},"size":149.67868041992188,"orthographic":false}