{"cameraMode":{"drawMode":0,"name":"Shaded","section":"Shading Mode"},"sceneLighting":false,"audioPlay":false,"sceneViewState":{"showFog":true,"showMaterialUpdate":false,"showSkybox":true,"showFlares":true,"showImageEffects":true,"showParticleSystems":true},"in2DMode":false,"pivot":{"x":26.65450096130371,"y":-7.03797721862793,"z":-1.61309015750885},"rotation":{"x":0.31340253353118899,"y":0.11700112372636795,"z":-0.03894317150115967,"w":0.941580057144165},"size":62.038814544677737,"orthographic":false}