{"cameraMode":{"drawMode":0,"name":"Shaded","section":"Shading Mode"},"sceneLighting":false,"audioPlay":false,"sceneViewState":{"showFog":true,"showMaterialUpdate":false,"showSkybox":true,"showFlares":true,"showImageEffects":true,"showParticleSystems":true},"in2DMode":false,"pivot":{"x":11.940461158752442,"y":-10.756828308105469,"z":4.384305000305176},"rotation":{"x":0.2619669735431671,"y":-0.6688701510429382,"z":0.2740151882171631,"w":0.639454185962677},"size":32.846893310546878,"orthographic":false}