{"cameraMode":{"drawMode":0,"name":"Shaded","section":"Shading Mode"},"sceneLighting":false,"audioPlay":false,"sceneViewState":{"showFog":true,"showMaterialUpdate":false,"showSkybox":true,"showFlares":true,"showImageEffects":true,"showParticleSystems":true},"in2DMode":false,"pivot":{"x":0.5199999809265137,"y":1.7969999313354493,"z":1.1740000247955323},"rotation":{"x":0.2049608826637268,"y":-0.6577298641204834,"z":0.19295468926429749,"w":0.6986780166625977},"size":12.003111839294434,"orthographic":false}