{"cameraMode":{"drawMode":0,"name":"Shaded","section":"Shading Mode"},"sceneLighting":false,"audioPlay":false,"sceneViewState":{"showFog":true,"showMaterialUpdate":false,"showSkybox":true,"showFlares":true,"showImageEffects":true,"showParticleSystems":true},"in2DMode":false,"pivot":{"x":-41.88727569580078,"y":-20.599525451660158,"z":1.9841886758804322},"rotation":{"x":-0.14569126069545747,"y":0.696001410484314,"z":-0.1475069671869278,"w":-0.6874574422836304},"size":62.038814544677737,"orthographic":false}