{"cameraMode":{"drawMode":0,"name":"Shaded","section":"Shading Mode"},"sceneLighting":false,"audioPlay":false,"sceneViewState":{"showFog":true,"showMaterialUpdate":false,"showSkybox":true,"showFlares":true,"showImageEffects":true,"showParticleSystems":true},"in2DMode":false,"pivot":{"x":0.5400000810623169,"y":1.1660000085830689,"z":0.9369999170303345},"rotation":{"x":0.01900476962327957,"y":-0.9752480983734131,"z":0.09278520196676254,"w":0.19980213046073914},"size":8.002074241638184,"orthographic":false}