{"cameraMode":{"drawMode":0,"name":"Shaded","section":"Shading Mode"},"sceneLighting":false,"audioPlay":false,"sceneViewState":{"showFog":true,"showMaterialUpdate":false,"showSkybox":true,"showFlares":true,"showImageEffects":true,"showParticleSystems":true},"in2DMode":false,"pivot":{"x":130.69137573242188,"y":30.107881546020509,"z":140.30245971679688},"rotation":{"x":0.429788202047348,"y":-0.016685087233781816,"z":0.00794748030602932,"w":0.9027405977249146},"size":0.18552911281585694,"orthographic":false}