{"cameraMode":{"drawMode":0,"name":"Shaded","section":"Shading Mode"},"sceneLighting":false,"audioPlay":false,"sceneViewState":{"showFog":true,"showMaterialUpdate":false,"showSkybox":true,"showFlares":true,"showImageEffects":true,"showParticleSystems":true},"in2DMode":false,"pivot":{"x":-21.168149948120118,"y":-17.78764533996582,"z":-23.470062255859376},"rotation":{"x":-0.24486872553825379,"y":0.6416348814964294,"z":-0.22760923206806184,"w":-0.6903173327445984},"size":62.038814544677737,"orthographic":false}