{"cameraMode":{"drawMode":0,"name":"Shaded","section":"Shading Mode"},"sceneLighting":false,"audioPlay":false,"sceneViewState":{"showFog":true,"showMaterialUpdate":false,"showSkybox":true,"showFlares":true,"showImageEffects":true,"showParticleSystems":true},"in2DMode":false,"pivot":{"x":-8.935323715209961,"y":-2.8785295486450197,"z":12.963186264038086},"rotation":{"x":0.09516855329275131,"y":-0.2804589569568634,"z":0.027960902079939843,"w":0.9547271728515625},"size":20.005186080932618,"orthographic":false}