{"cameraMode":{"drawMode":0,"name":"Shaded","section":"Shading Mode"},"sceneLighting":false,"audioPlay":false,"sceneViewState":{"showFog":true,"showMaterialUpdate":false,"showSkybox":true,"showFlares":true,"showImageEffects":true,"showParticleSystems":true},"in2DMode":false,"pivot":{"x":12.380461692810059,"y":-10.756828308105469,"z":9.439305305480957},"rotation":{"x":0.2311737835407257,"y":0.7453572154045105,"z":-0.32114869356155398,"w":0.5365304350852966},"size":0.7144709229469299,"orthographic":false}