{"cameraMode":{"drawMode":0,"name":"Shaded","section":"Shading Mode"},"sceneLighting":false,"audioPlay":false,"sceneViewState":{"showFog":true,"showMaterialUpdate":false,"showSkybox":true,"showFlares":true,"showImageEffects":true,"showParticleSystems":true},"in2DMode":false,"pivot":{"x":5.691500186920166,"y":19.212055206298829,"z":-50.89799880981445},"rotation":{"x":0.28520628809928896,"y":-0.5255549550056458,"z":0.19266101717948914,"w":0.7780303359031677},"size":40.5309944152832,"orthographic":false}