{"cameraMode":{"drawMode":0,"name":"Shaded","section":"Shading Mode"},"sceneLighting":false,"audioPlay":false,"sceneViewState":{"showFog":true,"showMaterialUpdate":false,"showSkybox":true,"showFlares":true,"showImageEffects":true,"showParticleSystems":true},"in2DMode":false,"pivot":{"x":-28.489505767822267,"y":-4.4416890144348148,"z":84.95905303955078},"rotation":{"x":0.15371869504451753,"y":0.6877943277359009,"z":-0.15260851383209229,"w":0.6928348541259766},"size":36.130924224853519,"orthographic":false}