{"cameraMode":{"drawMode":0,"name":"Shaded","section":"Shading Mode"},"sceneLighting":true,"audioPlay":false,"sceneViewState":{"showFog":true,"showMaterialUpdate":false,"showSkybox":true,"showFlares":true,"showImageEffects":true,"showParticleSystems":true},"in2DMode":false,"pivot":{"x":-19.277711868286134,"y":12.537361145019532,"z":7.200527191162109},"rotation":{"x":0.05875793844461441,"y":0.9260022044181824,"z":-0.33596310019493105,"w":0.16185230016708375},"size":83.53315734863281,"orthographic":false}