{"cameraMode":{"drawMode":0,"name":"Shaded","section":"Shading Mode"},"sceneLighting":true,"audioPlay":false,"sceneViewState":{"showFog":true,"showMaterialUpdate":false,"showSkybox":true,"showFlares":true,"showImageEffects":true,"showParticleSystems":true},"in2DMode":false,"pivot":{"x":26.887054443359376,"y":9.728710174560547,"z":-7.9719014167785648},"rotation":{"x":0.16485944390296937,"y":0.2442733645439148,"z":-0.04218604043126106,"w":0.9546582102775574},"size":22.0,"orthographic":false}