{"cameraMode":{"drawMode":0,"name":"Shaded","section":"Shading Mode"},"sceneLighting":true,"audioPlay":false,"sceneViewState":{"showFog":true,"showMaterialUpdate":false,"showSkybox":true,"showFlares":true,"showImageEffects":true,"showParticleSystems":true},"in2DMode":false,"pivot":{"x":30.487058639526368,"y":15.627161026000977,"z":50.09355545043945},"rotation":{"x":-0.1784709095954895,"y":0.7741765379905701,"z":-0.2498035877943039,"w":-0.5535314679145813},"size":103.41423034667969,"orthographic":false}