{"cameraMode":{"drawMode":0,"name":"Shaded","section":"Shading Mode"},"sceneLighting":false,"audioPlay":false,"sceneViewState":{"showFog":true,"showMaterialUpdate":false,"showSkybox":true,"showFlares":true,"showImageEffects":true,"showParticleSystems":true},"in2DMode":false,"pivot":{"x":-17.139999389648439,"y":1.5,"z":2.8949999809265138},"rotation":{"x":-0.29097220301628115,"y":-0.26331180334091189,"z":0.08352097868919373,"w":-0.9159838557243347},"size":18.644031524658204,"orthographic":false}