{"cameraMode":{"drawMode":0,"name":"Shaded","section":"Shading Mode"},"sceneLighting":false,"audioPlay":false,"sceneViewState":{"showFog":true,"showMaterialUpdate":false,"showSkybox":true,"showFlares":true,"showImageEffects":true,"showParticleSystems":true},"in2DMode":false,"pivot":{"x":1.601950764656067,"y":14.66498851776123,"z":-27.915267944335939},"rotation":{"x":0.10375044494867325,"y":0.8289412260055542,"z":-0.16370464861392976,"w":0.5246838331222534},"size":6.391615867614746,"orthographic":false}