{"cameraMode":{"drawMode":0,"name":"Shaded","section":"Shading Mode"},"sceneLighting":false,"audioPlay":false,"sceneViewState":{"showFog":true,"showMaterialUpdate":false,"showSkybox":true,"showFlares":true,"showImageEffects":true,"showParticleSystems":true},"in2DMode":false,"pivot":{"x":19.219999313354493,"y":14.703125,"z":-5.017000198364258},"rotation":{"x":-0.07020970433950424,"y":-0.8850948214530945,"z":0.1419624537229538,"w":-0.4376349151134491},"size":5.516578674316406,"orthographic":false}