{"cameraMode":{"drawMode":0,"name":"Shaded","section":"Shading Mode"},"sceneLighting":true,"audioPlay":false,"sceneViewState":{"showFog":true,"showMaterialUpdate":false,"showSkybox":true,"showFlares":true,"showImageEffects":true,"showParticleSystems":true},"in2DMode":false,"pivot":{"x":0.5670000314712524,"y":0.40000006556510928,"z":32.48500061035156},"rotation":{"x":0.064167819917202,"y":0.9226198792457581,"z":-0.33784306049346926,"w":0.17469175159931184},"size":5.307565689086914,"orthographic":false}