{"cameraMode":{"drawMode":0,"name":"Shaded","section":"Shading Mode"},"sceneLighting":true,"audioPlay":false,"sceneViewState":{"showFog":true,"showMaterialUpdate":false,"showSkybox":true,"showFlares":true,"showImageEffects":true,"showParticleSystems":true},"in2DMode":false,"pivot":{"x":-31.459999084472658,"y":1.5078115463256837,"z":-27.264625549316408},"rotation":{"x":-0.29097220301628115,"y":-0.26331180334091189,"z":0.08352097868919373,"w":-0.9159838557243347},"size":35.293739318847659,"orthographic":false}