{"cameraMode":{"drawMode":0,"name":"Shaded","section":"Shading Mode"},"sceneLighting":false,"audioPlay":false,"sceneViewState":{"showFog":true,"showMaterialUpdate":false,"showSkybox":true,"showFlares":true,"showImageEffects":true,"showParticleSystems":true},"in2DMode":false,"pivot":{"x":1.601950764656067,"y":14.66498851776123,"z":-27.915267944335939},"rotation":{"x":0.10375045239925385,"y":0.828941285610199,"z":-0.16370464861392976,"w":0.5246838331222534},"size":8.847410202026368,"orthographic":false}