{"cameraMode":{"drawMode":0,"name":"Shaded","section":"Shading Mode"},"sceneLighting":false,"audioPlay":false,"sceneViewState":{"showFog":true,"showMaterialUpdate":false,"showSkybox":true,"showFlares":true,"showImageEffects":true,"showParticleSystems":true},"in2DMode":false,"pivot":{"x":1.748000144958496,"y":14.757811546325684,"z":-25.5},"rotation":{"x":-0.06884849071502686,"y":-0.9220791459083557,"z":0.3282743990421295,"w":-0.19304387271404267},"size":10.211426734924317,"orthographic":false}