{"cameraMode":{"drawMode":0,"name":"Shaded","section":"Shading Mode"},"sceneLighting":false,"audioPlay":false,"sceneViewState":{"showFog":true,"showMaterialUpdate":false,"showSkybox":true,"showFlares":true,"showImageEffects":true,"showParticleSystems":true},"in2DMode":false,"pivot":{"x":51.040000915527347,"y":13.25,"z":9.600000381469727},"rotation":{"x":0.3496324419975281,"y":-0.540899395942688,"z":0.2633316218852997,"w":0.7182210087776184},"size":13.302725791931153,"orthographic":false}