{"cameraMode":{"drawMode":0,"name":"Shaded","section":"Shading Mode"},"sceneLighting":false,"audioPlay":false,"sceneViewState":{"showFog":true,"showMaterialUpdate":false,"showSkybox":true,"showFlares":true,"showImageEffects":true,"showParticleSystems":true},"in2DMode":false,"pivot":{"x":1.7499985694885255,"y":14.850000381469727,"z":-22.98200035095215},"rotation":{"x":0.27873876690864565,"y":-0.0816798135638237,"z":0.023918021470308305,"w":0.9565882086753845},"size":21.64681053161621,"orthographic":false}