{"cameraMode":{"drawMode":0,"name":"Shaded","section":"Shading Mode"},"sceneLighting":true,"audioPlay":false,"sceneViewState":{"showFog":true,"showMaterialUpdate":false,"showSkybox":true,"showFlares":true,"showImageEffects":true,"showParticleSystems":true},"in2DMode":false,"pivot":{"x":65.54949951171875,"y":20.603561401367189,"z":37.99513244628906},"rotation":{"x":-0.019609322771430017,"y":0.3493664562702179,"z":0.007383389864116907,"w":0.9367519021034241},"size":83.72573852539063,"orthographic":false}