{"cameraMode":{"drawMode":0,"name":"Shaded","section":"Shading Mode"},"sceneLighting":true,"audioPlay":false,"sceneViewState":{"showFog":true,"showMaterialUpdate":false,"showSkybox":true,"showFlares":true,"showImageEffects":true,"showParticleSystems":true},"in2DMode":false,"pivot":{"x":50.87322998046875,"y":1.4969152212142945,"z":126.04000091552735},"rotation":{"x":-0.11066467314958573,"y":-0.8847238421440125,"z":0.3645942211151123,"w":-0.26849234104156496},"size":31.313478469848634,"orthographic":false}