{"cameraMode":{"drawMode":0,"name":"Shaded","section":"Shading Mode"},"sceneLighting":true,"audioPlay":false,"sceneViewState":{"showFog":true,"showMaterialUpdate":false,"showSkybox":true,"showFlares":true,"showImageEffects":true,"showParticleSystems":true},"in2DMode":false,"pivot":{"x":-67.52812194824219,"y":2.2048749923706056,"z":28.53003692626953},"rotation":{"x":0.13266505300998689,"y":-0.7997275590896606,"z":0.1919981837272644,"w":0.5531478524208069},"size":129.36883544921876,"orthographic":false}