{"cameraMode":{"drawMode":0,"name":"Shaded","section":"Shading Mode"},"sceneLighting":true,"audioPlay":false,"sceneViewState":{"showFog":true,"showMaterialUpdate":false,"showSkybox":true,"showFlares":true,"showImageEffects":true,"showParticleSystems":true},"in2DMode":false,"pivot":{"x":-21.61978530883789,"y":16.73111343383789,"z":-45.069122314453128},"rotation":{"x":-0.0070337881334125999,"y":0.7451575994491577,"z":-0.007858315482735634,"w":-0.6668050289154053},"size":34.23412322998047,"orthographic":false}