{"cameraMode":{"drawMode":0,"name":"Shaded","section":"Shading Mode"},"sceneLighting":false,"audioPlay":false,"sceneViewState":{"showFog":true,"showMaterialUpdate":false,"showSkybox":true,"showFlares":true,"showImageEffects":true,"showParticleSystems":true},"in2DMode":false,"pivot":{"x":-12.295637130737305,"y":25.04183006286621,"z":-46.17874526977539},"rotation":{"x":-0.36471477150917055,"y":-0.24086534976959229,"z":0.09825996309518814,"w":-0.8940425515174866},"size":36.99128723144531,"orthographic":false}