{"cameraMode":{"drawMode":0,"name":"Shaded","section":"Shading Mode"},"sceneLighting":false,"audioPlay":false,"sceneViewState":{"showFog":true,"showMaterialUpdate":false,"showSkybox":true,"showFlares":true,"showImageEffects":true,"showParticleSystems":true},"in2DMode":false,"pivot":{"x":-4.713340759277344,"y":-1.8861563205718995,"z":-4.317526340484619},"rotation":{"x":-0.06663990765810013,"y":0.9253922700881958,"z":-0.19319859147071839,"w":-0.31919053196907046},"size":12.003111839294434,"orthographic":false}