{"cameraMode":{"drawMode":0,"name":"Shaded","section":"Shading Mode"},"sceneLighting":false,"audioPlay":false,"sceneViewState":{"showFog":true,"showMaterialUpdate":false,"showSkybox":true,"showFlares":true,"showImageEffects":true,"showParticleSystems":true},"in2DMode":false,"pivot":{"x":0.463620662689209,"y":0.8609347343444824,"z":1.0965566635131837},"rotation":{"x":-0.04255825653672218,"y":0.9234907031059265,"z":-0.1074383482336998,"w":-0.3658016622066498},"size":8.002074241638184,"orthographic":false}